<?xml version="1.0" encoding="UTF-8"?>
<unit:unit xmlns:tmpl="http://easykit.informatik.tu-muenchen.de/schema/template" xmlns:xsi="http://www.w3.org/2001/XMLSchema-instance" xmlns:plugin="http://easykit.informatik.tu-muenchen.de/schema/plugin" xmlns:unit="http://easykit.informatik.tu-muenchen.de/schema/unit" xmlns:tr="http://easykit.informatik.tu-muenchen.de/schema/translation" xsi:schemaLocation="http://easykit.informatik.tu-muenchen.de/schema/unit unit.xsd" xmlns:var="http://easykit.informatik.tu-muenchen.de/schema/variable">
  <unit:translations/>
  <unit:unittypes>
    <unit:unittype unit:id="blockdesigner UDPtoNxt">
      <unit:typeTemplates/>
      <unit:connectors>
        <unit:in>
          <unit:connector var:varname="refresh" var:type="bool">
            <var:default var:val="0"/>
          </unit:connector>
          <unit:connector var:varname="send_data" var:type="bool">
            <var:default var:val="0"/>
          </unit:connector>
          <unit:connector var:varname="xin" var:type="int32">
            <var:default var:val="0"/>
          </unit:connector>
          <unit:connector var:varname="yin" var:type="int32">
            <var:default var:val="0"/>
          </unit:connector>
          <unit:connector var:varname="posein" var:type="int32">
            <var:default var:val="0"/>
          </unit:connector>
          <unit:connector var:varname="dockin" var:type="int32">
            <var:default var:val="0"/>
          </unit:connector>
          <unit:connector var:varname="in0" var:type="bool">
            <var:default var:val="false"/>
          </unit:connector>
          <unit:connector var:varname="in1" var:type="bool">
            <var:default var:val="false"/>
          </unit:connector>
          <unit:connector var:varname="in2" var:type="bool">
            <var:default var:val="false"/>
          </unit:connector>
          <unit:connector var:varname="in3" var:type="bool">
            <var:default var:val="false"/>
          </unit:connector>
          <unit:connector var:varname="in4" var:type="bool">
            <var:default var:val="false"/>
          </unit:connector>
          <unit:connector var:varname="in5" var:type="bool">
            <var:default var:val="false"/>
          </unit:connector>
          <unit:connector var:varname="in6" var:type="bool">
            <var:default var:val="false"/>
          </unit:connector>
        </unit:in>
        <unit:out>
          <unit:connector var:varname="xout" var:type="int32">
            <var:default var:val="0"/>
          </unit:connector>
          <unit:connector var:varname="yout" var:type="int32">
            <var:default var:val="0"/>
          </unit:connector>
          <unit:connector var:varname="poseout" var:type="int32">
            <var:default var:val="0"/>
          </unit:connector>
          <unit:connector var:varname="dockout" var:type="int32">
            <var:default var:val="0"/>
          </unit:connector>
          <unit:connector var:varname="out0" var:type="bool">
            <var:default var:val="false"/>
          </unit:connector>
          <unit:connector var:varname="out1" var:type="bool">
            <var:default var:val="false"/>
          </unit:connector>
          <unit:connector var:varname="out2" var:type="bool">
            <var:default var:val="false"/>
          </unit:connector>
          <unit:connector var:varname="out3" var:type="bool">
            <var:default var:val="false"/>
          </unit:connector>
          <unit:connector var:varname="out4" var:type="bool">
            <var:default var:val="false"/>
          </unit:connector>
          <unit:connector var:varname="out5" var:type="bool">
            <var:default var:val="false"/>
          </unit:connector>
          <unit:connector var:varname="out6" var:type="bool">
            <var:default var:val="false"/>
          </unit:connector>
        </unit:out>
      </unit:connectors>
      <unit:state>
			</unit:state>       
      <unit:guiinfo>
        <unit:connectors>
          <unit:in>
            <unit:layout unit:varname="refresh" unit:side="left"/>
            <unit:layout unit:varname="send_data" unit:side="left"/>
            <unit:layout unit:varname="xin" unit:side="left"/>
            <unit:layout unit:varname="yin" unit:side="left"/>
            <unit:layout unit:varname="posein" unit:side="left"/>
            <unit:layout unit:varname="dockin" unit:side="left"/>
            <unit:layout unit:varname="in0" unit:side="left"/>
            <unit:layout unit:varname="in1" unit:side="left"/>
            <unit:layout unit:varname="in2" unit:side="left"/>
            <unit:layout unit:varname="in3" unit:side="left"/>
            <unit:layout unit:varname="in4" unit:side="left"/>
            <unit:layout unit:varname="in5" unit:side="left"/>
            <unit:layout unit:varname="in6" unit:side="left"/>
          </unit:in>
          <unit:out>
            <unit:layout unit:varname="xout" unit:side="right"/>
            <unit:layout unit:varname="yout" unit:side="right"/>
            <unit:layout unit:varname="poseout" unit:side="right"/>
            <unit:layout unit:varname="dockout" unit:side="right"/>
            <unit:layout unit:varname="out0" unit:side="right"/>
            <unit:layout unit:varname="out1" unit:side="right"/>
            <unit:layout unit:varname="out2" unit:side="right"/>
            <unit:layout unit:varname="out3" unit:side="right"/>
            <unit:layout unit:varname="out4" unit:side="right"/>
            <unit:layout unit:varname="out5" unit:side="right"/>
            <unit:layout unit:varname="out6" unit:side="right"/>
          </unit:out>
        </unit:connectors>
        <unit:state/>    
        <unit:description>
          <unit:name>UDPtoNxt</unit:name>
          <unit:icon unit:filename="icons/udp.png"/>
          <unit:connectors>
            <unit:in>
              <unit:info unit:varname="refresh">
                <unit:description>refresh</unit:description>
              </unit:info>
              <unit:info unit:varname="send_data">
                <unit:description>send_data</unit:description>
              </unit:info>
              <unit:info unit:varname="xin">
                <unit:description>x_in</unit:description>
              </unit:info>
              <unit:info unit:varname="yin">
                <unit:description>y_in</unit:description>
              </unit:info>
              <unit:info unit:varname="posein">
                <unit:description>pose_in</unit:description>
              </unit:info>
              <unit:info unit:varname="dockin">
                <unit:description>dock_in</unit:description>
              </unit:info>
              <unit:info unit:varname="in0">
                <unit:description>Input 0</unit:description>
              </unit:info>
              <unit:info unit:varname="in1">
                <unit:description>Input 1</unit:description>
              </unit:info>
              <unit:info unit:varname="in2">
                <unit:description>Input 2</unit:description>
              </unit:info>
              <unit:info unit:varname="in3">
                <unit:description>Input 3</unit:description>
              </unit:info>
              <unit:info unit:varname="in4">
                <unit:description>Input 4</unit:description>
              </unit:info>
              <unit:info unit:varname="in5">
                <unit:description>Input 5</unit:description>
              </unit:info>
              <unit:info unit:varname="in6">
                <unit:description>Input 6</unit:description>
              </unit:info>
            </unit:in>
            <unit:out>
              <unit:info unit:varname="xout">
                <unit:description>x_out</unit:description>
              </unit:info>
              <unit:info unit:varname="yout">
                <unit:description>y_out</unit:description>
              </unit:info>
              <unit:info unit:varname="poseout">
                <unit:description>pose_out</unit:description>
              </unit:info>
              <unit:info unit:varname="dockout">
                <unit:description>dock_out</unit:description>
              </unit:info>
              <unit:info unit:varname="out0">
                <unit:description>Output 0</unit:description>
              </unit:info>
              <unit:info unit:varname="out1">
                <unit:description>Output 1</unit:description>
              </unit:info>
              <unit:info unit:varname="out2">
                <unit:description>Output 2</unit:description>
              </unit:info>
              <unit:info unit:varname="out3">
                <unit:description>Output 3</unit:description>
              </unit:info>
              <unit:info unit:varname="out4">
                <unit:description>Output 4</unit:description>
              </unit:info>
              <unit:info unit:varname="out5">
                <unit:description>Output 5</unit:description>
              </unit:info>
              <unit:info unit:varname="out6">
                <unit:description>Output 6</unit:description>
              </unit:info>
            </unit:out>
          </unit:connectors>
          <unit:state/>  
        </unit:description>
      </unit:guiinfo>
      <unit:plugins>
        <unit:plugin plugin:type="simulation" plugin:library="unit_robview_myfunctionblocks_udptonxt_simulation"/>
        <unit:plugin plugin:type="dialog" plugin:library="unit_robview_myfunctionblocks_udptonxt_gui"/>
      </unit:plugins>
    </unit:unittype>
  </unit:unittypes>
</unit:unit>
